Model,Train,Task,Test,Time,Accuracy,F1,Precision,Recall,Matthews Correlation,AUC,Best Cutoff,Chi (alpha = 0.1),Chi (alpha = 0.05),Chi (alpha = 0.01)
ClaimbusterTransformer,claimbuster,checkworthy,checkthat2019,2022-10-02 14:12:20.137755,0.8074124505340198,0.1479668674698795,0.08298141891891891,0.6822916666666666,0.18997595206136747,,,Dependent,Dependent,Dependent
ClaimbusterTransformer,claimbuster,checkworthy,claimrank,2022-11-08 19:38:05.162220,0.7866957750096314,0.41983932937478174,0.34050991501416433,0.5473588342440802,0.3103456372120788,,,Dependent,Dependent,Dependent
ClaimbusterTransformer,claimbuster,checkworthy,checkthat2022,2022-10-02 14:12:20.223020,0.37530266343825663,0.3200301204819277,0.2087426326129666,0.6854838709677419,-0.02149038404207111,,,Independent,Independent,Independent
ClaimbusterTransformer,claimbuster,checkworthy,claimbuster,2022-11-08 19:38:05.810964,0.8527599541069987,0.728128677912907,0.6540738652382295,0.8210936117501327,0.6365829720915799,,,Dependent,Dependent,Dependent
ClaimbusterTransformer,claimbuster,checkworthy,multifc,2022-10-02 14:14:06.568371,0.661184304945607,0.7960396723917477,1.0,0.661184304945607,0.0,,,Independent,Independent,Independent
ClaimbusterTransformer,claimbuster,checkworthy,germeval,2022-10-02 16:54:59.478162,0.6635625596943648,0.03028217481073641,0.6111111111111112,0.015525758645024701,0.053679966936005984,,,Dependent,Dependent,Dependent
ClaimbusterTransformer,claimbuster,checkworthy,checkthat2021,2022-10-02 14:12:19.571748,0.8010478090269405,0.06548599670510709,0.034512698068157155,0.6385542168674698,0.11424238879296021,,,Dependent,Dependent,Dependent
svm,claimbuster,checkworthy,multifc,2022-11-02 16:59:49.709835,0.35650921658986173,0.5256274151768652,1.0,0.35650921658986173,0.0,,1.9999999999999698,Independent,Independent,Independent
svm,claimbuster,checkworthy,claimrank,2022-11-02 11:31:25.965153,0.841233839872987,0.2985971943887775,0.31837606837606836,0.2811320754716981,0.20998786794711277,0.7286277828851047,0.2046198512947107,Dependent,Dependent,Dependent
svm,claimbuster,checkworthy,claimbuster,2022-11-02 17:36:55.440453,0.8726628895184136,0.670091743119266,0.8977384464110127,0.5345433255269321,0.6282265994044063,0.9107753826186802,0.1994733147142438,Dependent,Dependent,Dependent
svm,claimbuster,checkworthy,checkthat2019,2022-11-02 12:53:19.675008,0.8082850737903979,0.4236978801066966,0.4963815789473684,0.3695811903012491,0.3165384299853168,0.7569576718488671,0.1958247767276755,Dependent,Dependent,Dependent
svm,claimbuster,checkworthy,checkthat2021,2022-11-02 14:15:47.832001,0.8634773045390922,0.3309652131308182,0.28750798042136627,0.3898989898989899,0.2605755878328526,0.7626685382288371,0.21983195618183513,Dependent,Dependent,Dependent
svm,claimbuster,checkworthy,checkthat2022,2022-11-02 15:37:06.031346,0.2926323071601522,0.31856047984005326,0.20075598488030238,0.7709677419354839,-0.0721346291409527,0.4257329441343163,0.8686429435832141,Dependent,Dependent,Dependent
svm,claimrank,checkworthy,multifc,2022-11-02 10:04:07.720311,0.06841028890745168,0.12805995902081313,1.0,0.06841028890745168,0.0,,1.9999999999999698,Independent,Independent,Independent
svm,claimrank,checkworthy,claimrank,2022-11-02 09:38:11.519101,0.9272260273972602,0.32,0.8695652173913043,0.19607843137254902,0.3927022398427482,0.8254228286061142,0.13312019073437792,Dependent,Dependent,Dependent
svm,claimrank,checkworthy,claimbuster,2022-11-02 10:10:17.736896,0.7754590582678683,0.16400502422393687,0.7163009404388715,0.09260385005065856,0.20015672692863778,0.7065572052209264,0.1321685353800075,Dependent,Dependent,Dependent
svm,claimrank,checkworthy,checkthat2019,2022-11-02 09:45:27.432361,0.7919808087731323,0.2329401853411963,0.7363515312916112,0.138353765323993,0.2562471509077028,0.7334774080338213,0.13613269106051953,Dependent,Dependent,Dependent
svm,claimrank,checkworthy,checkthat2021,2022-11-02 09:51:45.138159,0.9035469138841031,0.19676611250284673,0.43902439024390244,0.1267977692985031,0.19786262171208915,0.7313290897226776,0.14439470836776394,Dependent,Dependent,Dependent
svm,claimrank,checkworthy,checkthat2022,2022-11-02 09:57:44.777665,0.725700449671394,0.14270270270270272,0.21639344262295082,0.1064516129032258,0.0016188642594964317,0.4846237979574154,0.2247369137961591,Independent,Independent,Independent
svm,checkthat2022,checkworthy,multifc,2022-11-03 15:37:34.543362,0.04495061479540415,0.08603395061728394,1.0,0.04495061479540415,0.0,,1.9999999999999698,Independent,Independent,Independent
svm,checkthat2022,checkworthy,claimrank,2022-11-03 15:20:28.186976,0.8325574834250247,0.08622016936104696,0.24778761061946902,0.0521901211556384,0.04882296322588456,0.5265093797713708,0.24182982823486607,Dependent,Dependent,Dependent
svm,checkthat2022,checkworthy,claimbuster,2022-11-03 15:26:07.018398,0.7474924239190747,0.10715363718683973,0.35931174089068824,0.06296559063497695,0.05824901983103731,0.5079118218834674,0.2486117745453786,Dependent,Dependent,Dependent
svm,checkthat2022,checkworthy,checkthat2019,2022-11-03 15:29:48.299982,0.8102668381956261,0.10352941176470587,0.29431438127090304,0.06281227694503926,0.062125957654799314,0.4964676932400298,0.24400035622483196,Dependent,Dependent,Dependent
svm,checkthat2022,checkworthy,checkthat2021,2022-11-03 15:33:38.642466,0.8930308318789995,0.08188536049530656,0.14375876577840113,0.057246579167830214,0.04050790058841525,0.4988329013938436,0.25361913795023217,Dependent,Dependent,Dependent
svm,checkthat2022,checkworthy,checkthat2022,2022-11-03 15:22:25.901420,0.788036410923277,0.3292181069958848,0.5714285714285714,0.23121387283236994,0.26256996533599414,0.809655894789929,0.169959987555419,Dependent,Dependent,Dependent
svm,checkthat2019,checkworthy,multifc,2022-11-02 23:34:17.278322,0.12082625104433753,0.21560210769823931,1.0,0.12082625104433753,0.0,,1.9999999999999698,Independent,Independent,Independent
svm,checkthat2019,checkworthy,claimrank,2022-11-02 18:42:08.604306,0.864,0.05555555555555555,0.2222222222222222,0.031746031746031744,0.039256800629891335,0.5726635429152592,0.013192279607092516,Independent,Independent,Independent
svm,checkthat2019,checkworthy,claimbuster,2022-11-02 20:15:51.089527,0.7721268800617046,0.2244462674323216,0.5896551724137931,0.1386018237082067,0.20105522748136556,0.6205634921382617,0.038447114570821235,Dependent,Dependent,Dependent
svm,checkthat2019,checkworthy,checkthat2019,2022-11-02 19:09:49.405210,0.9577683615819209,0.10746268656716419,0.09045226130653267,0.1323529411764706,0.08826799415659092,0.669765688533478,0.042453339127748436,Dependent,Dependent,Dependent
svm,checkthat2019,checkworthy,checkthat2021,2022-11-02 21:22:05.200260,0.9157007706284067,0.481402967816535,0.6471502590673575,0.38324639459957044,0.4566731499714154,0.795508677903031,0.06270786334539426,Dependent,Dependent,Dependent
svm,checkthat2019,checkworthy,checkthat2022,2022-11-02 22:27:46.134570,0.5631269456935316,0.21210230817217718,0.17293997965412003,0.27419354838709675,-0.072606390177131,0.4271423701367879,0.12049981047677026,Dependent,Dependent,Dependent
svm,checkthat2021,checkworthy,multifc,2022-11-03 12:50:33.652065,0.05763356578871535,0.10898588632772056,1.0,0.05763356578871535,0.0,,1.9999999999994782,Independent,Independent,Independent
svm,checkthat2021,checkworthy,claimrank,2022-11-03 02:11:52.551379,0.8487518355359766,0.21374045801526714,0.7,0.12612612612612611,0.25289503972930755,0.5606448553816976,0.006809188160302851,Dependent,Dependent,Dependent
svm,checkthat2021,checkworthy,claimbuster,2022-11-03 04:50:55.778799,0.7661518913107224,0.09870032021096252,0.5981735159817352,0.05378772326011086,0.12505870194349103,0.5728404141059066,0.00975371070414391,Dependent,Dependent,Dependent
svm,checkthat2021,checkworthy,checkthat2019,2022-11-03 07:30:45.315173,0.7796688132474701,0.4144254278728606,0.9129263913824057,0.2680548234053769,0.4185517732297411,0.7597443331576172,0.02654999807950217,Dependent,Dependent,Dependent
svm,checkthat2021,checkworthy,checkthat2021,2022-11-03 15:16:56.157575,0.9723926380368099,0.09174311926605505,0.125,0.07246376811594203,0.08176651538365023,0.5994939692508024,0.01395039643315577,Dependent,Dependent,Dependent
svm,checkthat2021,checkworthy,checkthat2022,2022-11-03 10:09:02.337527,0.7599446558284331,0.05706521739130435,0.1810344827586207,0.03387096774193549,-0.01664952964182922,0.5316763966420931,0.0013740424271983592,Independent,Independent,Independent
logreg,claimbuster,checkworthy,multifc,2022-11-03 21:25:57.105230,0.5570852534562212,0.7155488143242943,1.0,0.5570852534562212,0.0,,2.0,Independent,Independent,Independent
logreg,claimbuster,checkworthy,claimrank,2022-11-03 19:13:36.647928,0.7641188478112951,0.3324775353016688,0.2519455252918288,0.48867924528301887,0.22336933834586384,0.6998039759323303,0.21207502257856983,Dependent,Dependent,Dependent
logreg,claimbuster,checkworthy,claimbuster,2022-11-03 21:40:53.340438,0.8934844192634561,0.7946477334789733,0.7446264073694985,0.8518735362997658,0.7261620166560359,0.9363616941115931,0.49542623791959095,Dependent,Dependent,Dependent
logreg,claimbuster,checkworthy,checkthat2019,2022-11-03 19:47:20.406420,0.7420138240239118,0.4511128775834658,0.379535194783481,0.5559637521430321,0.2992832614040596,0.7107672187362389,0.38148217354061575,Dependent,Dependent,Dependent
logreg,claimbuster,checkworthy,checkthat2021,2022-11-03 20:20:21.997143,0.7602729454109178,0.28981858570899666,0.1949203187250996,0.5647907647907648,0.22290008903314998,0.7127368342949987,0.3004748754623561,Dependent,Dependent,Dependent
logreg,claimbuster,checkworthy,checkthat2022,2022-11-03 20:51:14.895940,0.36492563126945693,0.3174721189591078,0.20628019323671498,0.6887096774193548,-0.031639486259884456,0.4592456073067144,0.940612063519826,Dependent,Independent,Independent
logreg,claimrank,checkworthy,multifc,2022-11-03 18:32:14.329218,0.3865253334101449,0.557545288349676,1.0,0.3865253334101449,0.0,,2.0,Independent,Independent,Independent
logreg,claimrank,checkworthy,claimrank,2022-11-03 18:17:20.650057,0.932791095890411,0.6579520697167756,0.592156862745098,0.7401960784313726,0.6259529949745471,0.8780821193392929,0.31136194247904136,Dependent,Dependent,Dependent
logreg,claimrank,checkworthy,claimbuster,2022-11-03 18:41:59.240738,0.7133837775314473,0.3634806807235363,0.3852087114337568,0.34407294832826746,0.1797675393646693,0.5883282597890447,0.21903384899150558,Dependent,Dependent,Dependent
logreg,claimrank,checkworthy,checkthat2019,2022-11-03 18:21:44.449502,0.731151473612063,0.4399762046400952,0.419464609800363,0.4625969477107831,0.2641972362241824,0.65988471629053,0.25500755086854987,Dependent,Dependent,Dependent
logreg,claimrank,checkworthy,checkthat2021,2022-11-03 18:25:01.022851,0.7717887712965242,0.2747892587120883,0.19518518518518518,0.46404461402993835,0.1872088433904086,0.6516962124385224,0.2557217718773512,Dependent,Dependent,Dependent
logreg,claimrank,checkworthy,checkthat2022,2022-11-03 18:28:36.571906,0.6423382912487029,0.2908093278463648,0.2529832935560859,0.3419354838709677,0.0599666346167618,0.5369270322864732,0.0657962286793343,Dependent,Dependent,Dependent
logreg,checkthat2022,checkworthy,multifc,2022-11-04 09:58:26.996813,0.256457511446425,0.4082231338665689,1.0,0.256457511446425,0.0,,2.0,Independent,Independent,Independent
logreg,checkthat2022,checkworthy,claimrank,2022-11-04 09:53:50.740446,0.7276061503738186,0.21916700363930447,0.19357142857142856,0.25256290773532153,0.05842440506380428,0.5156753472566478,0.15359911944658736,Dependent,Dependent,Dependent
logreg,checkthat2022,checkworthy,claimbuster,2022-11-04 09:55:56.932341,0.6526526953775236,0.271310888252149,0.2739602169981917,0.2687123093295495,0.0433233229054262,0.49937021000350745,0.1638193274583989,Dependent,Dependent,Dependent
logreg,checkthat2022,checkworthy,checkthat2019,2022-11-04 09:56:41.072167,0.7027430800514587,0.23234380023577325,0.21138845553822153,0.2579110159409945,0.05065294593348355,0.4795037000886999,0.21500230559289607,Dependent,Dependent,Dependent
logreg,checkthat2022,checkworthy,checkthat2021,2022-11-04 09:57:33.215936,0.7443164630599186,0.14689440993788822,0.10173136896440478,0.2641720189891092,0.034991721803316694,0.4906374898619418,0.18740133602660525,Dependent,Dependent,Dependent
logreg,checkthat2022,checkworthy,checkthat2022,2022-11-04 09:55:07.822534,0.7815344603381015,0.5087719298245614,0.514792899408284,0.5028901734104047,0.3683700755324802,0.8155526244326337,0.09709780672166005,Dependent,Dependent,Dependent
logreg,checkthat2019,checkworthy,multifc,2022-11-04 01:07:48.402131,0.20396992307913916,0.33882893445957263,1.0,0.20396992307913916,0.0,,2.0,Independent,Independent,Independent
logreg,checkthat2019,checkworthy,claimrank,2022-11-03 22:18:14.328644,0.844,0.18749999999999997,0.2727272727272727,0.14285714285714285,0.11753531781970808,0.5948930296756383,0.002828631543593476,Dependent,Dependent,Independent
logreg,checkthat2019,checkworthy,claimbuster,2022-11-03 23:10:28.043070,0.7527959892016969,0.2841987716359576,0.4567070435172723,0.20628166160081055,0.17829984679321964,0.5681968314382115,0.01669533294105422,Dependent,Dependent,Dependent
logreg,checkthat2019,checkworthy,checkthat2019,2022-11-03 22:31:26.329105,0.9227401129943503,0.10766721044045677,0.06918238993710692,0.2426470588235294,0.09785566110656081,0.6580109362293304,0.07718635962748915,Dependent,Dependent,Dependent
logreg,checkthat2019,checkworthy,checkthat2021,2022-11-03 23:48:58.525308,0.8820249357809661,0.43025718608169444,0.4243509400179051,0.4363301626265726,0.36451528934920086,0.7403112897358504,0.07547117147829607,Dependent,Dependent,Dependent
logreg,checkthat2019,checkworthy,checkthat2022,2022-11-04 00:27:49.014145,0.5575925285368385,0.217737003058104,0.17536945812807883,0.2870967741935484,-0.07005145182671015,0.4387579721878951,0.025104223760640514,Dependent,Dependent,Dependent
logreg,checkthat2021,checkworthy,multifc,2022-11-04 09:16:46.172623,0.1355541467350585,0.23874536872557478,1.0,0.1355541467350585,0.0,,2.0,Independent,Independent,Independent
logreg,checkthat2021,checkworthy,claimrank,2022-11-04 03:00:41.458126,0.8340675477239354,0.261437908496732,0.47619047619047616,0.18018018018018017,0.21738875063703816,0.5461514145724673,0.02250353857968278,Dependent,Dependent,Dependent
logreg,checkthat2021,checkworthy,claimbuster,2022-11-04 04:54:44.582334,0.7571107418629655,0.20910248249522598,0.46496815286624205,0.13487990145760623,0.14511232640094013,0.5417085809063367,0.00415318760630438,Dependent,Dependent,Dependent
logreg,checkthat2021,checkworthy,checkthat2019,2022-11-04 06:08:00.364495,0.7852652560564244,0.5011576135351736,0.7726523887973641,0.37084870848708484,0.4273169849128026,0.7162406075026001,0.03625309650398746,Dependent,Dependent,Dependent
logreg,checkthat2021,checkworthy,checkthat2021,2022-11-04 09:53:08.497391,0.9380925822643614,0.08264462809917354,0.057803468208092484,0.14492753623188406,0.06319951057174421,0.585724411038723,0.021752841965294915,Dependent,Dependent,Dependent
logreg,checkthat2021,checkworthy,checkthat2022,2022-11-04 08:00:20.066502,0.7509512279488066,0.09090909090909091,0.20930232558139536,0.05806451612903226,-0.0031596922266552887,0.5254804619252568,2.3466689222868958e-05,Independent,Independent,Independent
GermevalEnsemble,claimbuster,checkworthy,multifc,2022-10-06 21:44:50.570139,0.6017107264846867,0.7513350775957851,1.0,0.6017107264846867,0.0,,1.8245110511779785,Independent,Independent,Independent
GermevalEnsemble,claimbuster,checkworthy,claimrank,2022-10-10 19:14:39.389610,0.8280467445742905,0.4200952793417063,0.4004954582989265,0.44171220400728595,0.31996483045533114,0.7762479300899364,-0.5573275685310364,Dependent,Dependent,Dependent
GermevalEnsemble,claimbuster,checkworthy,claimbuster,2022-10-10 19:14:38.305382,0.9143059490084986,0.8060275729400449,0.8908575478384124,0.7359484777517564,0.7573194165334515,0.9621230370226457,-0.3505406677722931,Dependent,Dependent,Dependent
GermevalEnsemble,claimbuster,checkworthy,germeval,2022-10-10 19:14:39.167602,0.7043935052531041,0.26658767772511843,0.8302583025830258,0.1587861679604799,0.2734623637190105,0.7950035489558531,-0.5066558718681335,Dependent,Dependent,Dependent
GermevalEnsemble,claimbuster,checkworthy,checkthat2019,2022-10-06 21:44:49.536839,0.8722607548614952,0.18733080671358962,0.11096856959589481,0.6006944444444444,0.21869281287151807,0.8514759784320853,-0.3705841302871704,Dependent,Dependent,Dependent
GermevalEnsemble,claimbuster,checkworthy,checkthat2021,2022-10-06 21:44:49.809259,0.8714570683267937,0.08517940717628705,0.04617726657645467,0.5481927710843374,0.1309384228831866,0.8158882065350562,-0.41697004437446594,Dependent,Dependent,Dependent
GermevalEnsemble,claimbuster,checkworthy,checkthat2022,2022-10-06 21:44:50.180720,0.4064337599446558,0.3450381679389313,0.226,0.7290322580645161,0.04212848867183427,0.5307900455959432,0.14465554058551788,Dependent,Dependent,Independent
GermevalEnsemble,claimrank,checkworthy,multifc,2022-10-10 00:25:43.576176,0.34840265220012057,0.516763522574877,1.0,0.34840265220012057,0.0,,1.9873199462890625,Independent,Independent,Independent
GermevalEnsemble,claimrank,checkworthy,claimrank,2022-10-10 00:25:41.453144,0.9670376712328768,0.8010335917312662,0.8469945355191257,0.7598039215686274,0.7844951110673554,0.9614028069013721,-0.6914628744125366,Dependent,Dependent,Dependent
GermevalEnsemble,claimrank,checkworthy,claimbuster,2022-10-10 00:25:43.051727,0.8136234224280797,0.4808238636363637,0.7261351447979979,0.35940541497080164,0.4178596318061065,0.8489927064880844,-0.9226092100143433,Dependent,Dependent,Dependent
GermevalEnsemble,claimrank,checkworthy,germeval,2022-10-10 00:25:43.371824,0.6752626552053486,0.1282051282051282,0.6993006993006993,0.07057163020465773,0.14343757813426983,0.7436036660573889,-1.0929938554763794,Dependent,Dependent,Dependent
GermevalEnsemble,claimrank,checkworthy,checkthat2019,2022-10-10 00:25:42.176434,0.9141313135611251,0.2190402476780186,0.1409362549800797,0.4913194444444444,0.2301474678138008,0.8576884163334546,-0.9681091904640198,Dependent,Dependent,Dependent
GermevalEnsemble,claimrank,checkworthy,checkthat2021,2022-10-10 00:25:42.464664,0.9238694403647603,0.12187104930467763,0.06971362452993925,0.4839357429718876,0.16202680811427386,0.8241478357747383,-0.9165074825286865,Dependent,Dependent,Dependent
GermevalEnsemble,claimrank,checkworthy,checkthat2022,2022-10-10 00:25:42.847634,0.7173988239363542,0.2776304155614501,0.30724070450097846,0.2532258064516129,0.10474409939250495,0.6044097384980327,-0.52823805809021,Dependent,Dependent,Dependent
GermevalEnsemble,checkthat2022,checkworthy,multifc,2022-10-09 00:07:01.743786,0.2578719251413646,0.41001300686853936,1.0,0.2578719251413646,0.0,,2.628267765045166,Independent,Independent,Independent
GermevalEnsemble,checkthat2022,checkworthy,claimrank,2022-10-18 18:28:58.583170,0.7809169128033903,0.28077571669477236,0.26138147566718994,0.30327868852459017,0.15297728728424537,0.6389718759096916,-0.7988843321800232,Dependent,Dependent,Dependent
GermevalEnsemble,checkthat2022,checkworthy,claimbuster,2022-10-09 00:07:01.193300,0.7384948795308716,0.3240333919156415,0.4271647842455836,0.26101574942488054,0.1815696976467317,0.6312539966133202,-1.0487561225891113,Dependent,Dependent,Dependent
GermevalEnsemble,checkthat2022,checkworthy,germeval,2022-10-09 00:07:01.532253,0.6372970391595033,0.4342644320297952,0.4597791798107255,0.4114326040931546,0.1691231724748666,0.6092818629891656,-0.40118876099586487,Dependent,Dependent,Dependent
GermevalEnsemble,checkthat2022,checkworthy,checkthat2019,2022-10-09 00:07:00.528869,0.8337092038636654,0.08219821512447158,0.04752851711026616,0.3038194444444444,0.06416621600091642,0.6204186356476433,-1.040113925933838,Dependent,Dependent,Dependent
GermevalEnsemble,checkthat2022,checkworthy,checkthat2021,2022-10-09 00:07:00.813263,0.8471031806922554,0.0393885139787908,0.02114446251663463,0.28714859437751006,0.04106495338583086,0.6179698737771502,-1.076555848121643,Dependent,Dependent,Dependent
GermevalEnsemble,checkthat2022,checkworthy,checkthat2022,2022-10-18 18:28:58.405496,0.8218465539661899,0.535593220338983,0.6475409836065574,0.45664739884393063,0.4394507247764033,0.8627458587112542,-1.5373470783233643,Dependent,Dependent,Dependent
GermevalEnsemble,germeval,checkworthy,multifc,2022-10-06 07:18:26.664184,0.6989867677028617,0.8228277947660961,1.0,0.6989867677028617,0.0,,2.350555419921875,Independent,Independent,Independent
GermevalEnsemble,germeval,checkworthy,claimrank,2022-10-14 19:24:59.294295,0.7938872479773982,0.3757292882147024,0.32790224032586557,0.43989071038251365,0.2593833835263739,0.7416889758108152,-0.7940560579299927,Dependent,Dependent,Dependent
GermevalEnsemble,germeval,checkworthy,claimbuster,2022-10-06 07:18:26.384734,0.7942888709471806,0.6152745768099817,0.5584246970571264,0.6850115023889577,0.4815007306560708,0.8411329270745196,-0.24870342016220093,Dependent,Dependent,Dependent
GermevalEnsemble,germeval,checkworthy,germeval,2022-10-14 19:24:58.469177,0.7627118644067796,0.643312101910828,0.643312101910828,0.643312101910828,0.46553432413305024,0.810888686684865,-0.43993663787841797,Dependent,Dependent,Dependent
GermevalEnsemble,germeval,checkworthy,checkthat2019,2022-10-06 07:18:25.616019,0.8278371133143271,0.14388489208633096,0.0819277108433735,0.5902777777777778,0.17196564981094245,0.8077926965951776,-0.5453741550445557,Dependent,Dependent,Dependent
GermevalEnsemble,germeval,checkworthy,checkthat2021,2022-10-06 07:18:25.869444,0.8193296652710493,0.06041951664386685,0.03202803964225284,0.5321285140562249,0.09563196530460442,0.7670886110875985,-0.5099635720252991,Dependent,Dependent,Dependent
GermevalEnsemble,germeval,checkworthy,checkthat2022,2022-10-06 07:18:26.192962,0.22483569699066067,0.35249927766541456,0.21471312917986624,0.9838709677419355,0.00467327410990653,0.5182433488160679,1.201107382774353,Independent,Independent,Independent
GermevalEnsemble,checkthat2019,checkworthy,multifc,2022-10-07 15:15:25.254740,0.2209018628548466,0.3618666980134007,1.0,0.2209018628548466,0.0,,2.2752017974853516,Independent,Independent,Independent
GermevalEnsemble,checkthat2019,checkworthy,claimrank,2022-10-17 22:16:01.798979,0.8744060613843585,0.2476923076923077,0.7970297029702971,0.14663023679417123,0.30761463723569304,0.8000886919529958,-1.2514408826828003,Dependent,Dependent,Dependent
GermevalEnsemble,checkthat2019,checkworthy,claimbuster,2022-10-07 15:15:24.745506,0.7837079845323588,0.23018753781004236,0.7918834547346514,0.13466643072022652,0.26651866999670154,0.8251139754109952,-1.1514462232589722,Dependent,Dependent,Dependent
GermevalEnsemble,checkthat2019,checkworthy,germeval,2022-10-07 15:15:25.055341,0.6900668576886342,0.32606438213914846,0.6168958742632613,0.22159491884262528,0.21897667693274175,0.7071165287620779,-0.7444843649864197,Dependent,Dependent,Dependent
GermevalEnsemble,checkthat2019,checkworthy,checkthat2019,2022-10-17 22:16:01.062713,0.9728813559322034,0.1794871794871795,0.21428571428571427,0.15441176470588236,0.16837879883278017,0.8321794947817837,-1.1737234592437744,Dependent,Dependent,Dependent
GermevalEnsemble,checkthat2019,checkworthy,checkthat2021,2022-10-07 15:15:24.178078,0.9754488261470001,0.14241960183767227,0.1150990099009901,0.18674698795180722,0.13463249463405969,0.8038754161167174,-1.1964961290359497,Dependent,Dependent,Dependent
GermevalEnsemble,checkthat2019,checkworthy,checkthat2022,2022-10-07 15:15:24.549536,0.31649948114839155,0.3386880856760375,0.21368243243243243,0.8161290322580645,-0.004024161898425105,0.5253483615289556,0.5386062264442444,Independent,Independent,Independent
GermevalEnsemble,checkthat2021,checkworthy,multifc,2022-10-08 12:16:33.875382,0.02502942105112087,0.04883649295735208,1.0,0.02502942105112087,0.0,,1.8195686340332031,Independent,Independent,Independent
GermevalEnsemble,checkthat2021,checkworthy,claimrank,2022-10-18 14:14:53.558209,0.8681135225375626,0.13624894869638352,0.8901098901098901,0.07377049180327869,0.23405592918713197,0.7735422400531988,-1.155778408050537,Dependent,Dependent,Dependent
GermevalEnsemble,checkthat2021,checkworthy,claimbuster,2022-10-08 12:16:33.353959,0.7639484978540773,0.04273651559538169,0.8157894736842105,0.02194301893470182,0.10865803359645881,0.839752700765044,-1.0707974433898926,Dependent,Dependent,Dependent
GermevalEnsemble,checkthat2021,checkworthy,germeval,2022-10-08 12:16:33.663500,0.6716809933142311,0.150710315009265,0.6039603960396039,0.08609738884968243,0.12637449060464187,0.7124892429836494,-0.6709734797477722,Dependent,Dependent,Dependent
GermevalEnsemble,checkthat2021,checkworthy,checkthat2019,2022-10-08 12:16:32.885076,0.9743840687630314,0.13505747126436782,0.39166666666666666,0.08159722222222222,0.17011061225969856,0.8262350054525627,-1.1713343858718872,Dependent,Dependent,Dependent
GermevalEnsemble,checkthat2021,checkworthy,checkthat2021,2022-10-18 14:14:53.376361,0.9782487451199108,0.025,0.09090909090909091,0.014492753623188406,0.02893881299159788,0.805738586492935,-1.0549801588058472,Independent,Independent,Independent
GermevalEnsemble,checkthat2021,checkworthy,checkthat2022,2022-10-08 12:16:33.151588,0.7405741957800069,0.22199170124481327,0.311046511627907,0.17258064516129032,0.08648303322266904,0.5999090922003949,-0.41064223647117615,Dependent,Dependent,Dependent
xlm-roberta-base,claimbuster,checkworthy,multifc,2022-11-02 08:04:17.982067,0.6139958092941818,0.7608394095678463,1.0,0.6139958092941818,0.0,,1.9998116493225098,Independent,Independent,Independent
xlm-roberta-base,claimbuster,checkworthy,claimrank,2022-11-02 08:01:34.635867,0.8113522537562604,0.44292756920743265,0.3794671864847303,0.5318761384335154,0.3400620088122429,0.7844017622930397,0.00158116954844445,Dependent,Dependent,Dependent
xlm-roberta-base,claimbuster,checkworthy,claimbuster,2022-11-02 08:01:02.958881,0.9508498583569405,0.898389458272328,0.8986526069127123,0.8981264637002342,0.8659747670739303,0.9804342770152243,0.09504327923059464,Dependent,Dependent,Dependent
xlm-roberta-base,claimbuster,checkworthy,germeval,2022-11-02 08:04:32.420822,0.7447468958930277,0.4731394775751603,0.7843137254901961,0.3387438249823571,0.38992605385503687,0.7925490773351479,0.0008089587790891528,Dependent,Dependent,Dependent
xlm-roberta-base,claimbuster,checkworthy,checkthat2019,2022-11-02 08:02:07.704885,0.8351133994298114,0.1704131877542282,0.0971916971916972,0.6909722222222222,0.2159269478921455,0.8533387858960378,0.009473482146859169,Dependent,Dependent,Dependent
xlm-roberta-base,claimbuster,checkworthy,checkthat2021,2022-11-02 08:03:10.643839,0.8380060939520814,0.07924246199850486,0.0422422954303932,0.6385542168674698,0.13402085998952157,0.8118950392113877,0.0038909264840185642,Dependent,Dependent,Dependent
xlm-roberta-base,claimbuster,checkworthy,checkthat2022,2022-11-02 08:03:19.498000,0.34624697336561744,0.3518518518518518,0.22343205574912892,0.8274193548387097,0.04294649516066514,0.5559125580602549,0.9980680346488953,Dependent,Dependent,Independent
xlm-roberta-base,claimrank,checkworthy,multifc,2022-11-02 07:45:10.441207,0.4269927380234794,0.5984511716785678,1.0,0.4269927380234794,0.0,,1.9285497665405273,Independent,Independent,Independent
xlm-roberta-base,claimrank,checkworthy,claimrank,2022-11-02 07:41:49.884826,0.9267979452054794,0.583941605839416,0.5797101449275363,0.5882352941176471,0.5438299428448649,0.9094240885847772,0.060955148190259933,Dependent,Dependent,Dependent
xlm-roberta-base,claimrank,checkworthy,claimbuster,2022-11-02 07:43:00.214824,0.8180002549611184,0.5105702205462233,0.7206451612903226,0.3953282604848699,0.43815490219695585,0.8415238082024612,0.041296590119600296,Dependent,Dependent,Dependent
xlm-roberta-base,claimrank,checkworthy,germeval,2022-11-02 07:45:24.836078,0.6883954154727794,0.21338155515370705,0.731404958677686,0.12491178546224418,0.20572567343392328,0.7675840129662319,0.024966998025774956,Dependent,Dependent,Dependent
xlm-roberta-base,claimrank,checkworthy,checkthat2019,2022-11-02 07:42:23.033259,0.8911110165524871,0.18736106700539853,0.11465215701515741,0.5121527777777778,0.20441198431108148,0.8352001544892766,0.03471767529845238,Dependent,Dependent,Dependent
xlm-roberta-base,claimrank,checkworthy,checkthat2021,2022-11-02 07:44:03.058801,0.9018610666608211,0.09937638302152485,0.05522021014978761,0.4959839357429719,0.14057802150932522,0.8051030388703146,0.09864099323749542,Dependent,Dependent,Dependent
xlm-roberta-base,claimrank,checkworthy,checkthat2022,2022-11-02 07:44:11.878546,0.638187478381183,0.3939745075318656,0.3074141048824593,0.5483870967741935,0.17826945807973493,0.6556810272581356,0.3574124872684479,Dependent,Dependent,Dependent
xlm-roberta-base,checkthat2022,checkworthy,multifc,2022-11-02 07:51:13.807352,0.3806653463072993,0.5514230473378932,1.0,0.3806653463072993,0.0,,1.9619876146316528,Independent,Independent,Independent
xlm-roberta-base,checkthat2022,checkworthy,claimrank,2022-11-02 07:48:01.339123,0.7882368049312958,0.31718426501035196,0.29081245254365984,0.348816029143898,0.19420695650243788,0.6505370941771296,0.11814820766448975,Dependent,Dependent,Dependent
xlm-roberta-base,checkthat2022,checkworthy,claimbuster,2022-11-02 07:48:38.523321,0.7299536820634853,0.3707297752252698,0.420863309352518,0.3312688019819501,0.2042579595733133,0.6419865974452432,0.10428977757692337,Dependent,Dependent,Dependent
xlm-roberta-base,checkthat2022,checkworthy,germeval,2022-11-02 07:51:28.211407,0.6134192932187201,0.5130827067669173,0.4470649895178197,0.6019760056457304,0.21019579458823692,0.6413782020508305,0.5353976488113403,Dependent,Dependent,Dependent
xlm-roberta-base,checkthat2022,checkworthy,checkthat2019,2022-11-02 07:49:12.017707,0.8386026126547806,0.09453330150393889,0.05480210351508442,0.34375,0.08350146355613781,0.6513397779595298,0.11050191521644592,Dependent,Dependent,Dependent
xlm-roberta-base,checkthat2022,checkworthy,checkthat2021,2022-11-02 07:50:15.022666,0.843617790832767,0.05082490686535391,0.027215730977486464,0.38353413654618473,0.0668830609872507,0.6489400566740267,0.19259771704673767,Dependent,Dependent,Dependent
xlm-roberta-base,checkthat2022,checkworthy,checkthat2022,2022-11-02 07:47:48.826694,0.8270481144343304,0.5882352941176471,0.6333333333333333,0.5491329479768786,0.48142636745449285,0.8725220157504752,0.018842488527297974,Dependent,Dependent,Dependent
xlm-roberta-base,germeval,checkworthy,multifc,2022-11-02 10:27:34.702995,0.6540084388185654,0.7908163265306123,1.0,0.6540084388185654,0.0,,1.9821276664733887,Independent,Independent,Independent
xlm-roberta-base,germeval,checkworthy,claimrank,2022-11-02 10:23:56.657370,0.787723128290741,0.39605407380343444,0.3306894447834045,0.4936247723132969,0.28141316897418384,0.7456771182658313,0.12185796350240707,Dependent,Dependent,Dependent
xlm-roberta-base,germeval,checkworthy,claimbuster,2022-11-02 10:24:44.590794,0.78392045213105,0.6287508213477403,0.5351727566492667,0.7619890284905326,0.49784783464461996,0.8509066079009349,0.4720122814178467,Dependent,Dependent,Dependent
xlm-roberta-base,germeval,checkworthy,germeval,2022-11-02 10:23:43.156923,0.7489406779661016,0.6279434850863422,0.6191950464396285,0.6369426751592356,0.4386518243023817,0.8225760792639774,0.2281648963689804,Dependent,Dependent,Dependent
xlm-roberta-base,germeval,checkworthy,checkthat2019,2022-11-02 10:25:23.013741,0.8032424152163737,0.13924050632911394,0.0779816513761468,0.6493055555555556,0.17510882864764976,0.8141315279292378,0.36466866731643677,Dependent,Dependent,Dependent
xlm-roberta-base,germeval,checkworthy,checkthat2021,2022-11-02 10:26:26.609866,0.7939674258532629,0.06113275397063231,0.03216650898770104,0.6144578313253012,0.10497111868110447,0.7708678956868231,0.3160537779331207,Dependent,Dependent,Dependent
xlm-roberta-base,germeval,checkworthy,checkthat2022,2022-11-02 10:26:35.572392,0.2210307851954341,0.3525014376078206,0.2144856543037089,0.9887096774193549,0.0006119449695135765,0.5732794988707547,0.9004145860671997,Independent,Independent,Independent
xlm-roberta-base,checkthat2019,checkworthy,multifc,2022-11-02 07:38:57.178173,0.07758546456557307,0.14399872143199616,1.0,0.07758546456557307,0.0,,1.9999853372573853,Independent,Independent,Independent
xlm-roberta-base,checkthat2019,checkworthy,claimrank,2022-11-02 07:36:09.656925,0.8740208039039424,0.25285605483625284,0.772093023255814,0.151183970856102,0.3055573935088967,0.7107871009168466,1.4976480997574981e-05,Dependent,Dependent,Dependent
xlm-roberta-base,checkthat2019,checkworthy,claimbuster,2022-11-02 07:36:46.839733,0.772234734203034,0.18367346938775508,0.659016393442623,0.10670677756149353,0.19723563569751396,0.7457258590008378,1.6180665625142865e-05,Dependent,Dependent,Dependent
xlm-roberta-base,checkthat2019,checkworthy,germeval,2022-11-02 07:39:11.530835,0.6716809933142311,0.2382271468144044,0.5541237113402062,0.15172900494001412,0.1457239017199795,0.6447360210996697,2.267419040435925e-05,Dependent,Dependent,Dependent
xlm-roberta-base,checkthat2019,checkworthy,checkthat2019,2022-11-02 07:35:56.494071,0.9723163841807909,0.10909090909090909,0.14285714285714285,0.08823529411764706,0.09870999933190562,0.7480135199240987,1.6045656593632884e-05,Dependent,Dependent,Dependent
xlm-roberta-base,checkthat2019,checkworthy,checkthat2021,2022-11-02 07:37:49.807355,0.978495802187685,0.13720316622691292,0.12206572769953052,0.1566265060240964,0.12749374213712442,0.6848098050320561,1.651185448281467e-05,Dependent,Dependent,Dependent
xlm-roberta-base,checkthat2019,checkworthy,checkthat2022,2022-11-02 07:37:58.843331,0.7132480110688343,0.3085904920767306,0.31951640759930916,0.29838709677419356,0.12809055645053952,0.6077122484055624,5.543810038943775e-05,Dependent,Dependent,Dependent
xlm-roberta-base,checkthat2021,checkworthy,multifc,2022-11-02 08:27:47.647437,0.016504492092195528,0.032473033263681034,1.0,0.016504492092195528,0.0,,1.9999722242355347,Independent,Independent,Independent
xlm-roberta-base,checkthat2021,checkworthy,claimrank,2022-11-02 08:25:29.553155,0.8754334146654681,0.24689440993788822,0.8368421052631579,0.1448087431693989,0.3161929651469192,0.6192225307514907,1.805808824428823e-05,Dependent,Dependent,Dependent
xlm-roberta-base,checkthat2021,checkworthy,claimbuster,2022-11-02 08:26:06.757927,0.766753070156801,0.09794576828266228,0.6866359447004609,0.0527340293753318,0.1432785773444623,0.6407910745665498,1.7121852579293773e-05,Dependent,Dependent,Dependent
xlm-roberta-base,checkthat2021,checkworthy,germeval,2022-11-02 08:28:02.076241,0.6671442215854824,0.10983397190293742,0.5771812080536913,0.06069160197600565,0.09695160947392407,0.6048471325786506,1.8995631762663834e-05,Dependent,Dependent,Dependent
xlm-roberta-base,checkthat2021,checkworthy,checkthat2019,2022-11-02 08:26:40.096216,0.9707672013956853,0.1712907117008444,0.28063241106719367,0.1232638888888889,0.17279698414484845,0.6237336801769053,1.7721235053613782e-05,Dependent,Dependent,Dependent
xlm-roberta-base,checkthat2021,checkworthy,checkthat2021,2022-11-02 08:25:17.182806,0.9768544339096487,0.06741573033707865,0.15,0.043478260869565216,0.07128429053968095,0.6382930939989204,2.1479110728250816e-05,Dependent,Dependent,Dependent
xlm-roberta-base,checkthat2021,checkworthy,checkthat2022,2022-11-02 08:26:48.878317,0.771705292286406,0.13612565445026178,0.3611111111111111,0.08387096774193549,0.0818059529253369,0.6322651666879731,2.8082678909413517e-05,Dependent,Dependent,Dependent
XGBoost,claimbuster,checkworthy,multifc,2022-10-10 09:44:26.163384,0.516990987888181,0.6815885569409496,0.9998889752414788,0.5170068027210885,-0.002778929204668712,0.22733622281542717,0.3069305121898651,Independent,Independent,Independent
XGBoost,claimbuster,checkworthy,claimrank,2022-10-10 09:42:59.925048,0.8127648645177861,0.383248730964467,0.3256649892163911,0.46557040082219936,0.2830726081856986,0.7526993877245052,0.004071081057190895,Dependent,Dependent,Dependent
XGBoost,claimbuster,checkworthy,claimbuster,2022-10-10 09:43:10.057609,0.939943342776204,0.8728254349130175,0.8948339483394834,0.8518735362997658,0.8339785771432386,0.9562293462926594,0.12912802398204803,Dependent,Dependent,Dependent
XGBoost,claimbuster,checkworthy,germeval,2022-10-10 09:44:15.305173,0.706064947468959,0.4654798089448546,0.6049661399548533,0.37826393789696544,0.2918919108304036,0.693422168864082,0.0096115218475461,Dependent,Dependent,Dependent
XGBoost,claimbuster,checkworthy,checkthat2019,2022-10-10 09:43:48.777829,0.8127141225732775,0.425233644859813,0.348993288590604,0.5440956651718983,0.3309387291402619,0.7968370441730932,0.014895151369273663,Dependent,Dependent,Dependent
XGBoost,claimbuster,checkworthy,checkthat2021,2022-10-10 09:43:19.842743,0.8234442237669646,0.2803170855118907,0.19229434224227698,0.5169517884914463,0.23554853456042898,0.7768044542266391,0.00788578949868679,Dependent,Dependent,Dependent
XGBoost,claimbuster,checkworthy,checkthat2022,2022-10-10 09:44:06.902652,0.3815288827395365,0.3303370786516854,0.2151219512195122,0.7112903225806452,0.002523037488576844,0.49905825201346576,0.9443283081054688,Independent,Independent,Independent
XGBoost,claimrank,checkworthy,multifc,2022-10-10 09:42:39.822617,0.20555651225532404,0.340952380952381,0.9998603546990644,0.20551680587846954,-0.002934963857969509,0.42355789010400224,0.10630210489034653,Independent,Independent,Independent
XGBoost,claimrank,checkworthy,claimrank,2022-10-10 09:41:11.852993,0.9584760273972602,0.7371273712737128,0.8242424242424242,0.6666666666666666,0.7196027597609751,0.9225756906890336,0.028019554913043976,Dependent,Dependent,Dependent
XGBoost,claimrank,checkworthy,claimbuster,2022-10-10 09:41:20.637473,0.7739769685123019,0.3373614052572568,0.5730004231908591,0.2390536723163842,0.25971061756692154,0.7252821450003526,0.017636142671108246,Dependent,Dependent,Dependent
XGBoost,claimrank,checkworthy,germeval,2022-10-10 09:42:29.331976,0.6614135625596944,0.20870535714285715,0.49866666666666665,0.13196894848270996,0.10626022461286237,0.6121820233607123,0.018431441858410835,Dependent,Dependent,Dependent
XGBoost,claimrank,checkworthy,checkthat2019,2022-10-10 09:42:04.810344,0.8481918538256566,0.32566790666215756,0.3748540288049825,0.2878923766816143,0.24446725159916058,0.7609661973713594,0.012503569945693016,Dependent,Dependent,Dependent
XGBoost,claimrank,checkworthy,checkthat2021,2022-10-10 09:41:38.882758,0.8925231711353856,0.26820678968868855,0.2451081359423275,0.2961119751166407,0.21186199402584482,0.757636268374345,0.017524221912026405,Dependent,Dependent,Dependent
XGBoost,claimrank,checkworthy,checkthat2022,2022-10-10 09:42:21.294723,0.7049463853337945,0.2238398544131028,0.2567849686847599,0.19838709677419356,0.04595503807077916,0.5341671283078365,0.07299130409955978,Dependent,Dependent,Independent
XGBoost,checkthat2022,checkworthy,multifc,2022-10-10 09:50:51.039573,0.20426496756787785,0.3391729233702777,0.9998594716132658,0.20422514997560207,-0.0029715679043406714,0.38150731459953885,0.10371965914964676,Independent,Independent,Independent
XGBoost,checkthat2022,checkworthy,claimrank,2022-10-10 09:49:23.220373,0.7986387569025298,0.18924508790072386,0.19042663891779396,0.1880781089414183,0.07429599382736389,0.5693807652523627,0.0686335489153862,Dependent,Dependent,Dependent
XGBoost,checkthat2022,checkworthy,claimbuster,2022-10-10 09:49:33.309622,0.7110440657799686,0.23561151079136694,0.32425742574257427,0.1850282485875706,0.07800355077701507,0.5682462297012185,0.06594248116016388,Dependent,Dependent,Dependent
XGBoost,checkthat2022,checkworthy,germeval,2022-10-10 09:50:41.527529,0.6117478510028653,0.4608753315649868,0.4346466541588493,0.49047282992237123,0.15994970472224174,0.6063569987268582,0.3447920083999634,Dependent,Dependent,Dependent
XGBoost,checkthat2022,checkworthy,checkthat2019,2022-10-10 09:50:19.002212,0.7896459840121812,0.19139596136962245,0.1874462596732588,0.19551569506726457,0.07057520305551185,0.5754629722905491,0.06254629790782928,Dependent,Dependent,Dependent
XGBoost,checkthat2022,checkworthy,checkthat2021,2022-10-10 09:49:51.447526,0.8257199602780536,0.12414223331253899,0.09323754490082774,0.18569206842923794,0.04190884319255181,0.5719240571136818,0.051676806062459946,Dependent,Dependent,Dependent
XGBoost,checkthat2022,checkworthy,checkthat2022,2022-10-10 09:50:35.728791,0.7945383615084526,0.44366197183098594,0.5675675675675675,0.36416184971098264,0.3369893357843892,0.8082302052217092,0.043910831212997437,Dependent,Dependent,Dependent
XGBoost,germeval,checkworthy,multifc,2022-10-10 09:52:37.230073,0.4031915504276448,0.5746604483717885,0.9998576411132465,0.4031975659462097,-0.004983585043824731,0.43657969516920697,0.08704732358455658,Independent,Independent,Independent
XGBoost,germeval,checkworthy,claimrank,2022-10-10 09:51:11.674719,0.7933735713368435,0.27685393258426966,0.24600638977635783,0.31654676258992803,0.16024082238057252,0.6803307741663602,0.18840664625167847,Dependent,Dependent,Dependent
XGBoost,germeval,checkworthy,claimbuster,2022-10-10 09:51:21.433277,0.7509879743339141,0.4640570696908725,0.481404174573055,0.4479166666666667,0.30248131769601333,0.7431406443014494,0.3100025951862335,Dependent,Dependent,Dependent
XGBoost,germeval,checkworthy,germeval,2022-10-10 09:52:29.861042,0.7372881355932204,0.5618374558303887,0.6309523809523809,0.5063694267515924,0.38209745924146815,0.7749469214437368,0.2505572736263275,Dependent,Dependent,Dependent
XGBoost,germeval,checkworthy,checkthat2019,2022-10-10 09:52:06.694384,0.7922344880091359,0.32333250681874537,0.2762126668078797,0.3898355754857997,0.20905009871992467,0.7294470856908127,0.20694254338741302,Dependent,Dependent,Dependent
XGBoost,germeval,checkworthy,checkthat2021,2022-10-10 09:51:39.331866,0.8144860973187686,0.21569141957491472,0.15003650523241666,0.3835147744945568,0.15170854119168858,0.7134336658198795,0.22521528601646423,Dependent,Dependent,Dependent
XGBoost,germeval,checkworthy,checkthat2022,2022-10-10 09:52:23.315246,0.25458318920788653,0.3443869790082142,0.21222347206599176,0.9129032258064517,-0.018790838489868567,0.48538692632206926,0.8716914653778076,Independent,Independent,Independent
XGBoost,checkthat2019,checkworthy,multifc,2022-10-10 09:49:02.339521,0.22797198783077893,0.37123956896753235,0.9998740871317049,0.2279342116593473,-0.0023312528395786633,0.5080800252590488,0.01663914881646633,Independent,Independent,Independent
XGBoost,checkthat2019,checkworthy,claimrank,2022-10-10 09:47:20.358798,0.8890458456401695,0.2763819095477387,0.746606334841629,0.1695786228160329,0.32131036426442,0.7319941019803554,0.00016264643636532128,Dependent,Dependent,Dependent
XGBoost,checkthat2019,checkworthy,claimbuster,2022-10-10 09:47:34.538735,0.773637020354396,0.2527703745265815,0.6150170648464164,0.15907485875706215,0.22561183601602788,0.7311797579401628,0.0005710053956136107,Dependent,Dependent,Dependent
XGBoost,checkthat2019,checkworthy,germeval,2022-10-10 09:48:48.713091,0.6716809933142311,0.29087158329035584,0.5402298850574713,0.1990119971771348,0.16100545439566735,0.6493925771684604,0.002862915163859725,Dependent,Dependent,Dependent
XGBoost,checkthat2019,checkworthy,checkthat2019,2022-10-10 09:48:27.573244,0.9405367231638418,0.11368421052631579,0.07964601769911504,0.19852941176470587,0.09874142134655463,0.7739632395296828,0.0006226645200513303,Dependent,Dependent,Dependent
XGBoost,checkthat2019,checkworthy,checkthat2021,2022-10-10 09:47:56.992974,0.9219008606421715,0.33760308826109847,0.38727858293075684,0.29922239502332815,0.2996225562202872,0.7978194316488483,0.0015093099791556597,Dependent,Dependent,Dependent
XGBoost,checkthat2019,checkworthy,checkthat2022,2022-10-10 09:48:37.508314,0.7018332756831546,0.25043478260869567,0.27169811320754716,0.23225806451612904,0.06607376599204623,0.5716438686950469,0.03840048238635063,Dependent,Dependent,Dependent
XGBoost,checkthat2021,checkworthy,multifc,2022-10-10 09:46:55.263067,0.017765914700648644,0.03474827245804541,1.0,0.01768133413703034,0.0012449160613698304,0.3378302094396127,0.0017777974717319012,Independent,Independent,Independent
XGBoost,checkthat2021,checkworthy,claimrank,2022-10-10 09:44:55.835495,0.8913573905226659,0.2578947368421053,0.8802395209580839,0.1510791366906475,0.338147234129973,0.7455019002953533,5.889959993510274e-06,Dependent,Dependent,Dependent
XGBoost,checkthat2021,checkworthy,claimbuster,2022-10-10 09:45:14.770554,0.7659881868015128,0.07398688414326551,0.7773851590106007,0.03884180790960452,0.13850976428314818,0.7528361175241787,1.4551234016835224e-05,Dependent,Dependent,Dependent
XGBoost,checkthat2021,checkworthy,germeval,2022-10-10 09:46:36.857114,0.6630850047755492,0.026224982746721876,0.59375,0.013408609738884969,0.047365876327217574,0.6048324885196945,5.054277062299661e-05,Dependent,Dependent,Dependent
XGBoost,checkthat2021,checkworthy,checkthat2019,2022-10-10 09:45:55.162480,0.8863342215454891,0.25942460317460314,0.7612809315866085,0.15635276532137518,0.3116481480518313,0.8406346033158754,2.9319897294044495e-05,Dependent,Dependent,Dependent
XGBoost,checkthat2021,checkworthy,checkthat2021,2022-10-10 09:45:39.223445,0.9788064696040156,0.0,0.0,0.0,-0.006194503918733388,0.7710540521607266,1.5628904293407686e-05,Independent,Independent,Independent
XGBoost,checkthat2021,checkworthy,checkthat2022,2022-10-10 09:46:20.949254,0.7751643030093394,0.04970760233918129,0.265625,0.027419354838709678,0.018756641340212713,0.5639330407238533,0.0014075710205361247,Independent,Independent,Independent
